1,2.219049450348724,15.148888888888889,1.991216042637825,25.1
2,1.8173859549516982,30.813333333333333,1.6456641972064971,36.66
3,1.5740950849245896,40.84888888888889,1.4190940499305724,48.04
4,1.3978378305380994,48.422222222222224,1.3129260689020157,52.58
5,1.2493747699667106,54.44444444444444,1.181000992655754,57.42
6,1.1095829172567888,59.50666666666667,1.0024297207593917,63.8
7,0.9991668933494524,63.98444444444444,0.9323408782482148,66.6
8,0.921217296611179,67.07111111111111,0.8488122925162316,69.46
9,0.850232811475342,69.7,0.8213403522968292,70.92
10,0.78808333826336,72.12666666666667,0.7325369745492936,73.8
11,0.7403400218622251,73.99777777777778,0.7484653174877167,73.64
12,0.6945067247037183,75.55777777777777,0.6695998035371303,75.86
13,0.6569243412972852,77.03111111111112,0.6386440709233284,77.86
14,0.614416610026224,78.68,0.6350710906088353,77.62
15,0.5845817076888952,79.68,0.559268357604742,79.82
16,0.547487554394386,81.02888888888889,0.6771052330732346,77.64
17,0.5323811183598909,81.70444444444445,0.5749902486801147,80.36
18,0.5052954237061468,82.68222222222222,0.5433157004415989,80.8
19,0.47630419497462834,83.74,0.5453811302781105,81.54
20,0.456424309279431,84.31111111111112,0.49534673653542993,82.42
21,0.43259125063195825,85.27777777777777,0.531957970559597,81.5
22,0.409340243363245,85.82666666666667,0.5342373624444008,82.58
23,0.4035919237966565,86.05777777777777,0.48535711206495763,83.24
24,0.3835837479934774,86.76222222222222,0.48654029965400697,83.22
25,0.36774260813201015,87.4088888888889,0.4759459916502237,83.44
26,0.3553287891925059,87.83555555555556,0.5002637157216668,83.0
27,0.3377128000455824,88.42888888888889,0.5253771603107452,82.78
28,0.32270916424353013,88.96,0.44810641314834354,83.82
29,0.3168885398825461,89.18,0.47157015837728977,83.94
30,0.3075796124864031,89.57777777777778,0.4831475764513016,83.68
31,0.29676018763248896,89.78222222222222,0.5409340739250184,82.18
32,0.2794842583296651,90.46,0.4498204477131367,84.96
33,0.27633116305382416,90.42222222222222,0.4861808679997921,83.3
34,0.2615371410396289,90.97777777777777,0.4363397672772408,85.86
35,0.25365784313445067,91.38888888888889,0.4683111526072025,84.8
36,0.24407011073675344,91.50888888888889,0.4270285861566663,85.86
37,0.24110688385553658,91.67777777777778,0.48926169574260714,84.02
38,0.22884809388779104,92.16222222222223,0.5146681226789951,84.42
39,0.2245311339766803,92.22444444444444,0.5052279260009527,83.02
40,0.21215712439946152,92.60222222222222,0.45125683546066286,85.0
41,0.21210159316912972,92.69333333333333,0.47803064435720444,84.66
42,0.19973359077068215,93.21555555555555,0.4484172537922859,85.1
43,0.19559411486526104,93.18666666666667,0.4969590397551656,84.7
44,0.19014315438372167,93.48,0.4659581977408379,84.84
45,0.18345838702622463,93.74666666666667,0.42999848509207367,85.48
46,0.17191249370278622,94.08666666666667,0.43924500118009746,86.24
47,0.17964308387176556,93.78444444444445,0.46107479874044655,85.1
48,0.16813074775167147,94.23333333333333,0.4525365523993969,85.94
49,0.16337452481754802,94.4088888888889,0.4438990354537964,86.4
50,0.1639811400408772,94.33777777777777,0.44399464651942255,85.76
51,0.16087369228162887,94.33555555555556,0.42556261233985426,86.24
52,0.1449646158990535,94.95555555555555,0.4740546802058816,84.86
53,0.14820076076483185,94.85333333333334,0.46033781468868257,85.54
54,0.14647562329826708,94.89777777777778,0.4397614880348556,86.28
55,0.14495944187299095,95.08888888888889,0.4895144894719124,86.28
56,0.1376981080340391,95.32,0.4673045173287392,86.18
57,0.1346134565220299,95.44,0.4488370206207037,86.32
58,0.12945038761774247,95.54222222222222,0.45031129457056523,86.52
59,0.12672457506414503,95.67777777777778,0.4677339054644108,86.58
60,0.1242309266870672,95.8,0.4887434009462595,86.06
61,0.12976627042305403,95.68444444444444,0.4492264162749052,86.7
62,0.1191657909551974,95.90666666666667,0.4233336303383112,87.28
63,0.1222049832682718,95.74888888888889,0.4977629452943802,85.3
64,0.12231283696283671,95.76666666666667,0.43380796238780023,87.2
65,0.11755263650874523,95.91555555555556,0.478884195163846,86.66
66,0.11161003148564222,96.18666666666667,0.49272406883537767,86.26
67,0.10949935503727333,96.25555555555556,0.4997994717210531,85.94
68,0.11195566439577802,96.14666666666666,0.44507035380229354,87.2
69,0.10315274705962194,96.41555555555556,0.44752775309607384,87.0
70,0.1021780656883493,96.54888888888888,0.5178927181172185,85.0
71,0.09911798431262882,96.64888888888889,0.46133920066058637,87.32
72,0.10824210024227134,96.27333333333333,0.45939106568694116,86.34
73,0.09583940948571333,96.85777777777778,0.5460821752436459,85.16
74,0.1046905146848241,96.4888888888889,0.5497103244066238,84.84
75,0.09752933983161877,96.71777777777778,0.4596246201545,86.66
76,0.09614112094806676,96.77111111111111,0.4575096819084138,86.12
77,0.0939340510045771,96.82888888888888,0.47487856857478616,86.08
78,0.09713219573710706,96.71333333333334,0.5078529973863624,85.7
79,0.08507823667340828,97.15555555555555,0.5477731235325336,85.46
80,0.08857276028720662,96.95333333333333,0.4778969885781407,86.6
81,0.0916052575233731,96.8488888888889,0.5300372945144772,85.18
82,0.09475940753790466,96.71555555555555,0.4945687249302864,86.24
83,0.09783895106044259,96.66888888888889,0.46399981938302515,86.52
84,0.08868159206361849,96.98444444444445,0.43208840806037185,86.82
85,0.09004363873761824,96.89777777777778,0.4816577035933733,86.4
86,0.08857570815598592,97.05555555555556,0.5532756350934506,84.7
87,0.09246467073469168,96.88,0.4980027712881565,86.78
88,0.08418518213280053,97.12,0.4659235391765833,86.74
89,0.08621996452777901,97.12222222222222,0.4566734107211232,86.94
90,0.0864618776990524,97.1,0.43933112602680924,86.88
91,0.08000161028890447,97.28,0.5295106481760741,86.48
92,0.08510386346394873,97.08888888888889,0.5160726023837924,86.28
93,0.08367925720416348,97.16888888888889,0.5083859644830226,86.1
94,0.0817275501163253,97.2088888888889,0.4883218131959438,86.56
95,0.07557395217008889,97.46666666666667,0.4533656474202871,86.8
96,0.08301506482001225,97.21111111111111,0.4774135883897543,87.26
97,0.07844701583169146,97.31555555555556,0.46025265473872423,87.42
98,0.07632597761535594,97.43333333333334,0.46783983018249276,86.94
99,0.07969678614542565,97.36888888888889,0.5451098620891571,86.42
100,0.08462225605035201,97.16,0.4492221272084862,87.18
1,2.1703748943453487,18.215555555555557,1.89494586288929,27.58
2,1.7530485638840632,33.02,1.600399550795555,39.9
3,1.516133098101074,43.471111111111114,1.4185820549726487,48.52
4,1.3503578999503092,50.29555555555555,1.289161503314972,53.14
5,1.2009180704639717,55.98,1.126570063829422,59.48
6,1.0759027149866929,60.91777777777778,1.0155545309185983,63.0
7,0.9572067907588049,65.7688888888889,0.9262819394469262,66.36
8,0.8797605963931843,68.70222222222222,0.8520968243479728,69.68
9,0.8092017436230724,71.46222222222222,0.7950773343443871,71.34
10,0.7506113624708219,73.66,0.7712112180888653,72.22
11,0.7063155898993666,75.02666666666667,0.6782770074903965,76.0
12,0.658838599073616,76.75555555555556,0.6616888858377934,75.74
13,0.6146446786482226,78.39111111111112,0.6812037974596024,75.94
14,0.5819386442784559,79.71555555555555,0.5881419911980629,78.7
15,0.555298498662358,80.56666666666666,0.5822923816740513,78.88
16,0.519186364910142,81.76,0.5619587920606136,79.58
17,0.4973149148916656,82.63777777777777,0.518642409145832,81.7
18,0.4676480344919996,83.63777777777777,0.5397083438932896,80.9
19,0.4457991168918935,84.48,0.5471832767128945,80.96
20,0.43055186746641994,85.10222222222222,0.5394996039569377,80.92
21,0.410916671495546,85.62,0.5591576490551233,80.38
22,0.3907726024362174,86.38444444444444,0.4999044477939606,82.32
23,0.3715336587364701,86.89333333333333,0.49677271470427514,82.64
24,0.35495779455893417,87.52666666666667,0.4725629910826683,83.14
25,0.3374479949389669,88.31111111111112,0.4624824248254299,84.32
26,0.3310595150528984,88.34666666666666,0.4792299211025238,83.86
27,0.3133403804915195,89.13111111111111,0.4642740591429174,83.86
28,0.2988407303240489,89.58,0.46649924367666246,83.5
29,0.2895837214098058,89.89111111111112,0.45823692753911016,84.5
30,0.277720429871062,90.34,0.45626185424625876,84.08
31,0.262881102738902,90.79555555555555,0.4587331734597683,84.88
32,0.2588483080352572,90.92,0.43853587228804825,84.46
33,0.24935962348668414,91.25333333333333,0.45404185373336076,85.18
34,0.23817242013121193,91.73333333333333,0.45460867034271357,84.64
35,0.22863565213893625,91.96666666666667,0.45549686141312123,84.96
36,0.21525738136419517,92.41111111111111,0.44142425432801247,84.82
37,0.21056317574005912,92.58444444444444,0.46000340692698954,85.22
38,0.2033355581277812,92.89777777777778,0.42298344895243645,85.56
39,0.18941076548600738,93.47111111111111,0.4705435786396265,84.9
40,0.18760771806013177,93.43555555555555,0.4411661170423031,86.16
41,0.17726413704539565,93.85555555555555,0.4714729824103415,85.28
42,0.17653613664548506,93.73333333333333,0.4596964042633772,85.1
43,0.1632617705353451,94.24,0.4912841968238354,84.68
44,0.16400194803083484,94.25777777777778,0.4397880151867867,85.82
45,0.16285849561576138,94.28666666666666,0.4526426337659359,85.94
46,0.1556965111627836,94.46888888888888,0.4340888611972332,85.96
47,0.14168015592837369,95.00444444444445,0.4412786953151226,85.98
48,0.14337785449937324,94.96,0.48033122569322584,85.68
49,0.14408484497107565,94.99333333333334,0.4795780238695443,86.0
50,0.1328902185196057,95.33333333333333,0.4946695934981108,85.08
51,0.13061893478416922,95.36444444444444,0.4612011812627316,86.08
52,0.12906523789702493,95.45777777777778,0.5175043553113937,85.46
53,0.12479209439532662,95.57333333333334,0.45340518343728037,86.18
54,0.12100553258576176,95.78,0.4759734130464494,86.16
55,0.11385114874627272,95.98666666666666,0.47696499433368444,86.12
56,0.10707151209300553,96.22888888888889,0.5163544900715351,85.84
57,0.10897013084666635,96.16444444444444,0.5141653850674629,85.2
58,0.10537059204017912,96.31555555555556,0.4690155152231455,86.4
59,0.10921741080131721,96.34222222222222,0.4709350408986211,86.1
60,0.09639225573681126,96.6288888888889,0.4727852465584874,86.04
61,0.10030844913456928,96.60444444444444,0.45580148841254414,86.5
62,0.09938294315096838,96.50666666666666,0.468642474943772,86.42
63,0.09172635590022599,96.82444444444444,0.5151661280542612,86.2
64,0.09831890543203124,96.58,0.47817096635699274,86.96
65,0.09087692768397657,96.86222222222223,0.5006218004971743,85.88
66,0.09424481297504496,96.73555555555555,0.4699172981083393,86.34
67,0.08441785630367865,97.10222222222222,0.4753040528856218,86.54
68,0.08702279506145384,97.04888888888888,0.504393014125526,86.26
69,0.08292723295215348,97.16888888888889,0.5196911868173629,85.74
70,0.08456462928601964,97.13333333333334,0.47751844287849965,86.4
71,0.07856568232686682,97.28888888888889,0.4518599072471261,86.96
72,0.08671980469212444,96.91333333333333,0.4942800953227561,86.5
73,0.08405257005307992,97.10666666666667,0.4670271325856447,86.94
74,0.07650660773188891,97.41111111111111,0.5120434481650591,86.2
75,0.08077699500559406,97.22222222222223,0.49156719385646286,85.8
76,0.07405690950955349,97.45777777777778,0.4960648044478148,86.38
77,0.07732716855720025,97.2911111111111,0.4803912632167339,86.12
78,0.07697165679895658,97.28666666666666,0.48150527887046335,86.22
79,0.08031848804834722,97.18888888888888,0.46801025392487644,86.4
80,0.06991670922037553,97.63555555555556,0.5241714484989644,85.76
81,0.07295794401910495,97.50444444444445,0.5023245701100677,86.18
82,0.07004863815911283,97.56888888888889,0.4825115446001291,86.72
83,0.06740956580986014,97.7311111111111,0.49462139010429385,86.48
84,0.06874564231839031,97.7,0.5164327338337898,85.6
85,0.06997479671951044,97.64888888888889,0.46917255967855453,87.44
86,0.07114769574466416,97.46666666666667,0.49975859113037585,86.44
87,0.06330422711272893,97.75333333333333,0.503383514250163,86.3
88,0.06679839706736278,97.66888888888889,0.50705032274127,86.32
89,0.06209763946985318,97.88444444444444,0.5081872195005417,86.46
90,0.06915486417181621,97.64222222222222,0.5074481513351202,86.32
91,0.06483239387902855,97.74222222222222,0.517830753326416,85.82
92,0.06824054626419886,97.64222222222222,0.47451570313423874,86.7
93,0.06722217206102372,97.70666666666666,0.44666197560727594,86.56
94,0.06442437440802512,97.73555555555555,0.5400507312268019,85.72
95,0.05822103887013244,97.97111111111111,0.5047387519851327,85.72
96,0.06357711480284872,97.84444444444445,0.45748962769284846,86.96
97,0.0635368190547028,97.82444444444444,0.4370721299550496,87.48
98,0.06444383328198455,97.87777777777778,0.542520272731781,85.5
99,0.06350063558784313,97.76444444444445,0.549364048615098,84.82
100,0.06609601914533414,97.73777777777778,0.48069630190730095,87.46
1,1.8741607337512753,30.54222222222222,1.559250059723854,42.98
2,1.4750051420520653,46.03333333333333,1.3311387479305268,51.92
3,1.2714633088220249,54.44888888888889,1.1586813032627106,57.84
4,1.149333549494093,59.16,1.2113424003124238,58.22
5,1.0690912871875546,62.35333333333333,1.0521365046501159,61.62
6,1.0119509597054936,64.23777777777778,0.9353437304496766,66.66
7,0.9644475249065594,66.05555555555556,0.9035755664110183,68.16
8,0.918783239512281,67.88666666666667,0.837388177216053,69.58
9,0.8786939077756621,69.31333333333333,0.8192219421267509,71.48
10,0.8544997764243321,70.08,0.7980658888816834,71.32
11,0.8282652795314789,70.96444444444444,0.7619157403707504,72.56
12,0.8063856749372049,71.90444444444445,0.7947141367942094,71.42
13,0.7799147194759413,72.8488888888889,0.7329483836889267,73.3
14,0.775219818407839,72.9,0.7298362053930759,74.1
15,0.7449976466596127,73.97777777777777,0.6757517702877521,75.74
16,0.7291313491931016,74.54888888888888,0.7061911046504974,74.84
17,0.7127764708447185,75.04,0.6605082541704178,76.4
18,0.6975384525616061,75.7,0.6745162844657898,76.06
19,0.6821295936507258,76.25555555555556,0.6588853150606155,77.18
20,0.675572944297032,76.51333333333334,0.6116191320121288,78.26
21,0.6608791126107628,76.82888888888888,0.6243498284369707,77.8
22,0.6501040406186472,77.47333333333333,0.6038089416921139,78.64
23,0.64157663683661,77.7311111111111,0.6279517725110054,77.92
24,0.6266404878856107,78.05111111111111,0.6360712863504887,77.74
25,0.6204697450792248,78.41111111111111,0.5725018069148063,79.82
26,0.6121853931214322,78.76666666666667,0.5813851952552795,79.44
27,0.5980324442921714,79.1511111111111,0.6086513936519623,78.98
28,0.5918317390605807,79.33777777777777,0.5979575540870428,78.88
29,0.5866823851723563,79.46,0.6042295232415199,78.68
30,0.5869751629334959,79.59555555555555,0.5752187833189965,79.44
31,0.571604130112312,80.15333333333334,0.5702913366258144,79.92
32,0.5654674652455882,80.17777777777778,0.5578398697078228,80.56
33,0.5525224188512022,80.84,0.5712250366806984,78.9
34,0.551606510088525,80.71333333333334,0.5388013219460845,80.58
35,0.5392131559889425,81.22888888888889,0.545753289759159,81.06
36,0.5291072197935798,81.61777777777777,0.5637132607400417,79.46
37,0.538984366861934,81.13111111111111,0.5672940284013748,80.36
38,0.5214565997435288,81.7911111111111,0.5248933289200067,81.48
39,0.5176446503028274,81.78888888888889,0.5150997500866652,81.5
40,0.5109499481252648,82.28,0.5133933668956161,81.62
41,0.5111645736985586,82.23777777777778,0.5010972052812577,82.16
42,0.4975204345008189,82.60222222222222,0.5054938942193985,81.9
43,0.5002238383855332,82.60888888888888,0.5187991186976433,81.58
44,0.49190521993759,82.96444444444444,0.5175473041832447,82.34
45,0.4795000741935589,83.18888888888888,0.5406212344765663,81.06
46,0.4857108893550255,83.22,0.5001554381102323,82.0
47,0.47601724094287917,83.44,0.5333440007641912,81.1
48,0.47487005388194864,83.49333333333334,0.5090524420142174,82.18
49,0.47272890264337714,83.52444444444444,0.5072003230452538,81.92
50,0.4629754731008275,83.92666666666666,0.5011049445718527,82.26
51,0.4580552681264552,83.82222222222222,0.5056363832205534,82.3
52,0.4566478612832725,83.94222222222223,0.5072553671896458,82.68
53,0.4584874628450383,83.97555555555556,0.5007174845784903,82.06
54,0.4498751044950702,84.24222222222222,0.5250786490738392,81.3
55,0.4465177668766542,84.54888888888888,0.4868249326944351,83.42
56,0.4463559306988662,84.27777777777777,0.4984195873141289,82.04
57,0.43547932092439046,84.68,0.4962159650400281,82.38
58,0.43497903932901943,84.83333333333333,0.503266055136919,82.84
59,0.4297078399580311,84.93555555555555,0.4801500976085663,83.06
60,0.4249684006314386,85.2088888888889,0.48231740966439246,83.2
61,0.4234105467965657,85.11777777777777,0.46151638962328434,83.8
62,0.42183802310716023,85.14888888888889,0.47853179946541785,83.38
63,0.4230144833299247,85.09777777777778,0.45593214854598046,84.06
64,0.4105763056484813,85.74444444444444,0.4880992483347654,82.64
65,0.41195501247420907,85.60888888888888,0.4558551822789013,83.74
66,0.41163338568400254,85.48,0.47123414985835554,83.56
67,0.4047244804149324,85.88444444444444,0.4535272728651762,83.78
68,0.3977992204017937,86.05333333333333,0.4579123489558697,83.82
69,0.40255131254988635,85.84,0.46018376722931864,84.16
70,0.40058113456788386,85.96222222222222,0.46302298083901405,83.56
71,0.3951622458936816,86.21111111111111,0.4619616102427244,84.1
72,0.3933092052624984,86.14444444444445,0.4496160076931119,84.3
73,0.390569774560969,86.30888888888889,0.4947264462709427,82.6
74,0.3868377363647927,86.35555555555555,0.451419212250039,83.94
75,0.38607949382540857,86.37555555555555,0.4761340990662575,84.04
76,0.39028857356276025,86.27555555555556,0.44330463409423826,85.12
77,0.38747822984375735,86.40666666666667,0.46134477518498895,84.26
78,0.3832514105703343,86.54444444444445,0.44817458409816024,84.04
79,0.3879394741644236,86.25333333333333,0.4547188602387905,84.06
80,0.37272038437764754,86.96888888888888,0.45733000435866417,84.32
81,0.36976463377306407,86.88666666666667,0.43426273483783007,84.48
82,0.37086732482368295,86.93333333333334,0.4572220635600388,83.64
83,0.3661992039362138,87.23333333333333,0.47793644964694976,83.86
84,0.3648767524229532,87.32,0.46260882504284384,84.1
85,0.3670892923308367,87.17333333333333,0.46034596096724273,83.88
86,0.3591113763607361,87.40666666666667,0.4805267587304115,83.6
87,0.359707794490863,87.43777777777778,0.42877646125853064,84.98
88,0.3565554650161754,87.3711111111111,0.4516454998403788,84.46
89,0.3570341759530658,87.44222222222223,0.44948795363307,84.5
90,0.34780191257596016,87.86888888888889,0.4789223253726959,83.88
91,0.35522521774030547,87.43333333333334,0.43475109748542307,84.52
92,0.3533443528312174,87.68666666666667,0.506796234101057,82.98
93,0.3487531925890256,87.72444444444444,0.43655434213578703,84.88
94,0.3459338321858509,87.95333333333333,0.4371899861842394,84.56
95,0.34513502064245666,88.03777777777778,0.483024749904871,83.58
96,0.3477186110209335,87.76666666666667,0.49667739421129226,83.06
97,0.34326509377834474,87.81777777777778,0.43026320775970817,84.92
98,0.3373423993841491,88.00666666666666,0.4586458742618561,84.22
99,0.33954749247905885,88.1288888888889,0.4350013222545385,85.24
100,0.33583515327931807,88.25333333333333,0.4856337696313858,83.14
1,1.7676546715877273,35.544444444444444,1.39863261282444,48.46
2,1.2782126602462747,53.684444444444445,1.0993551522493363,60.92
3,1.0757174320857634,61.833333333333336,0.9846289768815041,64.26
4,0.9614903191951188,66.28444444444445,0.9462514787912368,65.54
5,0.8815761931579221,69.31777777777778,0.847969476878643,69.84
6,0.818934714929624,71.33777777777777,0.8163689911365509,70.8
7,0.7661815722557631,73.43777777777778,0.7482888620346785,73.32
8,0.7235849831591953,74.91777777777777,0.7431826561689376,73.86
9,0.693560542030768,75.75111111111111,0.7036020059138537,75.4
10,0.6444426482882012,77.28222222222222,0.7238881684839725,74.04
11,0.6108239310031588,78.62222222222222,0.66769873611629,76.14
12,0.5864426303993572,79.41555555555556,0.6881053142249585,76.08
13,0.5583209836516868,80.5111111111111,0.6422883836552501,77.52
14,0.5300744598392736,81.37333333333333,0.6829964123666287,76.48
15,0.5046707658435811,82.06222222222222,0.6629166539758444,76.92
16,0.4817402919923717,83.14888888888889,0.6507648903876543,77.8
17,0.46017362778498366,83.70444444444445,0.6415556455031037,78.54
18,0.4316565332172269,84.78,0.6476181603968143,78.06
19,0.4141543773426251,85.35111111111111,0.6648756695911289,77.76
20,0.3918971418911083,86.02444444444444,0.659308847784996,78.5
21,0.37537030752917583,86.95555555555555,0.6483824023976922,79.1
22,0.3597874282435937,87.42444444444445,0.6585425145924091,78.32
23,0.34264829818328674,87.82666666666667,0.682126916013658,78.1
24,0.33264726057479327,88.07777777777778,0.6610266296193004,78.86
25,0.3067669969644736,89.06444444444445,0.6974039241671562,78.02
26,0.2959990999661386,89.34,0.6727088457904756,79.52
27,0.2785037853966721,90.06222222222222,0.6905719455331564,79.14
28,0.27012201419777493,90.22222222222223,0.7140305867418647,79.0
29,0.255321726964956,90.80666666666667,0.727134802332148,79.04
30,0.24144986422139814,91.20222222222222,0.7005612257868051,79.34
31,0.2274767524266446,91.94222222222223,0.7421833084430546,79.2
32,0.22654485435817728,91.80222222222223,0.7091955646872521,79.48
33,0.21605625917965715,92.16,0.7297374508343637,79.34
34,0.19956203799864108,92.83777777777777,0.7363994561135769,79.08
35,0.19379086583979765,93.01333333333334,0.7844163303263485,79.24
36,0.1986993425525725,92.83333333333333,0.7506211962085217,79.28
37,0.18730564923448997,93.33777777777777,0.7237133021117188,79.88
38,0.17243509191427042,93.72444444444444,0.7429756907746196,79.76
39,0.16333929107482123,94.04888888888888,0.837194913305575,78.72
40,0.17777764024636286,93.58666666666667,0.7587576407939196,79.66
41,0.1566024586262012,94.38222222222223,0.7909456779598258,79.44
42,0.1582352569411424,94.35111111111111,0.7487770238425583,79.94
43,0.1467933365016837,94.75777777777778,0.7710095230082515,79.84
44,0.13948907223741777,94.98444444444445,0.865537636668887,78.58
45,0.13465454116124997,95.17333333333333,0.8132673524320125,79.28
46,0.13821785103275694,95.09777777777778,0.7935046627069824,79.72
47,0.13170905616557735,95.25555555555556,0.8481680490891449,78.56
48,0.12465938547393307,95.53333333333333,0.8176236559520476,79.72
49,0.12073506413831968,95.62,0.7972775342059322,80.14
50,0.12637709335699168,95.43777777777778,0.8305456817150116,79.54
51,0.12405184202361852,95.5911111111111,0.8518268855987117,78.88
52,0.11753412291661582,95.82888888888888,0.8646064115222544,79.0
53,0.11501879097936167,95.92888888888889,0.8174116972950287,79.46
54,0.10817237831757996,96.16444444444444,0.8818922106176614,78.58
55,0.11454403859732504,95.95555555555555,0.8286543257185258,79.7
56,0.10953040883495388,96.16666666666667,0.8071860051713884,79.54
57,0.11153649021236395,95.99777777777778,0.851239408319816,79.08
58,0.09981408519458702,96.39777777777778,0.8414629898034036,79.4
59,0.10523472543784672,96.34444444444445,0.8417940162122249,79.32
60,0.10048804373946041,96.45777777777778,0.8469732667319476,79.72
61,0.09948559241919694,96.48666666666666,0.8445747762802057,80.04
62,0.09034346412359313,96.79333333333334,0.8493924524635077,79.68
63,0.1020214668401009,96.25777777777778,0.87066138664959,79.24
64,0.10400208231294528,96.34444444444445,0.8875102190344478,79.1
65,0.0915101848024113,96.76,0.8446869774023071,79.44
66,0.08965997502144257,96.85555555555555,0.8334356839768589,79.46
67,0.09756746982880445,96.47111111111111,0.8593089367626817,79.2
68,0.09006011771800165,96.82444444444444,0.8490605909377337,79.86
69,0.08148306622751988,97.21777777777778,0.8653796976432204,79.86
70,0.09049149751874873,96.79777777777778,0.8918750077486038,78.56
71,0.09463261153591289,96.64444444444445,0.848606894700788,79.46
72,0.08726424194703047,97.05333333333333,0.8562176478502806,79.52
73,0.08604110031261701,96.97333333333333,0.8527465240098536,80.4
74,0.08437535861792805,96.96888888888888,0.8578349548857659,79.32
75,0.0875430714645931,96.86888888888889,0.8748438053647988,79.08
76,0.0921012086381035,96.75555555555556,0.90405984694371,78.96
77,0.08427639219867573,97.0,0.8914109539240599,79.44
78,0.08758367166790942,96.86666666666666,0.8884739168686793,79.18
79,0.08872855835149741,96.84222222222222,0.8748046230990439,78.54
80,0.08116839407011867,97.02666666666667,0.9274245410691947,79.22
81,0.08052293620527383,97.16666666666667,0.8555040483915946,79.86
82,0.07560732768086548,97.32444444444444,0.8819216064468491,79.7
83,0.08637973160049031,96.97111111111111,0.8658944647759199,79.8
84,0.07584606144651347,97.28444444444445,0.8934523838863242,79.42
85,0.07461142774396153,97.38,0.9335870678536594,79.34
86,0.07762626799839464,97.24444444444444,0.924494119756855,79.36
87,0.07529094450133429,97.28444444444445,0.9207961345091462,79.38
88,0.0741099363499829,97.45777777777778,0.9032746631768532,79.94
89,0.07516537138938227,97.39555555555556,0.9109318469476421,79.06
90,0.07237130442411978,97.42222222222222,0.9139163155326969,79.16
91,0.08250555896136741,97.09555555555555,0.9167066746740602,79.24
92,0.08112053922906687,97.1511111111111,0.9074892398435622,79.6
93,0.07315983294657516,97.41333333333333,0.8699460533447564,80.08
94,0.07055190827073106,97.55777777777777,0.9147983193397522,79.52
95,0.07379986806402238,97.4,0.9030555965029634,79.94
96,0.0746734233292624,97.37777777777778,0.8896243289462291,79.06
97,0.07463025070187128,97.35555555555555,0.901009806523507,79.36
98,0.076177132030187,97.3,0.893190311989747,79.58
99,0.0763947480617472,97.33777777777777,0.9066202271264047,79.28
100,0.06996925279434602,97.46666666666667,0.9112562473863364,79.6
1,1.8462259329178117,31.44,1.5444878429174422,43.86
2,1.4512311030517926,47.1,1.3172257274389267,52.3
3,1.2628834784369578,54.486666666666665,1.1664612233638763,58.32
4,1.1501101544973524,59.02,1.066337676346302,61.92
5,1.0714481395076623,62.126666666666665,0.9430917367339134,65.26
6,0.9983041559092023,64.71333333333334,0.9339594021439552,66.92
7,0.9533639181066643,66.90222222222222,0.8852302387356759,67.82
8,0.9086886019530621,68.08666666666667,0.8570927172899246,69.2
9,0.8785371634770524,69.22,0.8357586950063706,70.12
10,0.8365669147196141,70.65777777777778,0.7909972429275512,72.6
11,0.8063754329288547,71.8,0.7905685216188431,71.78
12,0.7866706509481777,72.56444444444445,0.782753437012434,72.04
13,0.7548256220973351,73.74666666666667,0.7419332906603813,73.56
14,0.7392275865105066,74.18888888888888,0.7167115293443203,74.16
15,0.7191608197648417,74.89111111111112,0.6924721300601959,75.32
16,0.7011389391158115,75.75777777777778,0.6432358354330063,76.92
17,0.6882869653742422,75.86444444444444,0.6358251716941595,76.9
18,0.667784212495793,76.88444444444444,0.6800596877932549,76.48
19,0.6575443168932741,76.97111111111111,0.6640776738524437,76.48
20,0.6395650219002907,77.7688888888889,0.6538769781589509,77.24
21,0.6268760620362379,78.35777777777778,0.5985827021300792,78.48
22,0.6189803750338879,78.37777777777778,0.6363035075366497,77.86
23,0.5986823935739018,79.24,0.5993470430374146,78.32
24,0.5882613648745146,79.64,0.5992514014244079,79.08
25,0.5861726657233455,79.71333333333334,0.5973032355308533,79.1
26,0.5682605236599391,80.21777777777778,0.5667243493720889,79.6
27,0.5547640955244953,80.81333333333333,0.5554625794291497,79.78
28,0.5476245159621943,80.92222222222222,0.550354664772749,80.26
29,0.5377174342389811,81.17777777777778,0.5378509284928441,80.5
30,0.5318842159414833,81.39777777777778,0.5426386088132858,81.08
31,0.524409054016525,81.78,0.5295882597565651,81.22
32,0.5094842219894583,82.2911111111111,0.558850635588169,80.58
33,0.513898566619239,82.09333333333333,0.5176323160529137,81.14
34,0.49773113226348703,82.72,0.5397931892424822,80.74
35,0.4890170432627201,82.75555555555556,0.5262834683060647,81.98
36,0.48425266112793575,83.12444444444445,0.5139778307639062,81.58
37,0.47987109765579755,83.34666666666666,0.5052021184936166,82.06
38,0.4754577639766715,83.37555555555555,0.4993786193430424,82.42
39,0.45934534953399137,83.92222222222222,0.5094271562993526,82.82
40,0.46011110877787526,84.0911111111111,0.4974181540310383,82.72
41,0.45434885865754704,84.10666666666667,0.5138212397694588,82.58
42,0.44278859334405174,84.36,0.472134418040514,83.32
43,0.44126558109101927,84.56,0.49795492831617594,82.66
44,0.4284063834612342,84.87555555555555,0.49766343384981154,82.34
45,0.4344394999894906,84.88222222222223,0.4869884647428989,82.98
46,0.4294107765044001,85.12,0.517237788438797,82.56
47,0.4144297292964025,85.50444444444445,0.4690227644518018,83.42
48,0.41266208548437466,85.62,0.48472888879477977,83.24
49,0.39969858548349957,85.95333333333333,0.4918575879186392,82.82
50,0.39657044711268763,86.22666666666667,0.5110150065273047,81.78
51,0.3914938906885006,86.26,0.47881547417491677,83.74
52,0.3854602036405016,86.42444444444445,0.46570445434190333,83.76
53,0.38681016993624245,86.38,0.4552681677043438,84.28
54,0.37764557103880425,86.70444444444445,0.4730904549360275,83.6
55,0.3744270298629999,87.15333333333334,0.4708050273358822,83.52
56,0.37412265658547933,86.92666666666666,0.45191278010606767,84.38
57,0.37176138344644144,87.13111111111111,0.49767010379582644,83.08
58,0.3559813425368206,87.41111111111111,0.47133658174425364,84.52
59,0.3653503793122416,87.2,0.4561562595888972,83.7
60,0.35527881179851567,87.57555555555555,0.47185738757252693,84.1
61,0.34903676630082453,87.74222222222222,0.4644172452390194,83.58
62,0.34415208772671496,87.83111111111111,0.46276913583278656,84.92
63,0.341270446438681,88.1,0.4701917491853237,84.0
64,0.33596120067787444,88.2,0.4428040778264403,84.9
65,0.32846903580833564,88.43777777777778,0.4603263851255178,84.8
66,0.32400778084146703,88.64222222222222,0.4839353449642658,83.62
67,0.3292529536834495,88.38222222222223,0.4800103735178709,84.18
68,0.3213684396310286,88.83777777777777,0.4407193697988987,85.1
69,0.31725666066631675,88.74222222222222,0.45843654703348874,84.74
70,0.31540120096707885,89.00222222222222,0.47530517131090166,84.02
71,0.30651662684977055,89.22888888888889,0.43967819563113153,84.98
72,0.30793142005462537,89.09777777777778,0.4631601495668292,84.38
73,0.30467936798760836,89.27777777777777,0.47707759104669095,84.44
74,0.3006158551539887,89.24888888888889,0.4963857261464,83.92
75,0.2984328504905782,89.42444444444445,0.4761825203895569,84.2
76,0.28896112638441,89.78444444444445,0.4692984767258167,85.24
77,0.29644299967383797,89.55333333333333,0.44466381408274175,84.22
78,0.2911577037196945,89.63555555555556,0.4549589527770877,84.52
79,0.2869181048802354,89.78222222222222,0.4727785988710821,84.84
80,0.2793971002101898,90.06666666666666,0.4478510331362486,85.04
81,0.2807314720597457,90.0,0.46158246137201786,85.2
82,0.2838366691615771,89.93111111111111,0.4612278401851654,84.36
83,0.27670834363776853,90.17555555555556,0.43722891472280023,85.72
84,0.2761697030245242,90.16666666666667,0.4476100608706474,84.98
85,0.27010079625655303,90.49111111111111,0.46194873182103036,84.78
86,0.2729584089353342,90.39333333333333,0.4335036785341799,85.46
87,0.2636248845903372,90.61111111111111,0.453706673765555,85.38
88,0.2639798091682182,90.82222222222222,0.4801596265286207,84.96
89,0.26077459523962304,90.81777777777778,0.46000392735004425,84.78
90,0.26198413597673853,90.80444444444444,0.439801630564034,85.36
91,0.2498773032037372,91.2311111111111,0.4536617286503315,85.58
92,0.2524416488383643,91.22222222222223,0.43461254753638057,85.46
93,0.2511032726192339,91.13777777777777,0.44029048741795124,86.06
94,0.2535208427050913,91.14444444444445,0.44207464475184677,85.46
95,0.2483439110431143,91.28444444444445,0.4670937802642584,84.7
96,0.24350025411695242,91.34666666666666,0.46846367679536344,84.82
97,0.23753279538571156,91.58888888888889,0.4218923826701939,86.66
98,0.239558808399703,91.49777777777778,0.44460810436285103,85.2
99,0.2371974173001945,91.54888888888888,0.44086054526269436,85.92
100,0.23385741766965526,91.71333333333334,0.4476492069195956,85.5
